food_name,rating,food_price,vendor,location,cuisine_type,main_ingridinet,serving_size
beef_bhuna,3.9,229,Shopnar Shopno,shewrapara,local,beef,
egg_omlet,3.9,57,Shopnar Shopno,shewrapara,local,egg,
special_naan,4.3,30,Star Kabab & Restaurant,banani,local,flour,
deshi_chicken_jhal_fry,4.3,140,Star Kabab & Restaurant,banani,local,chicken,
basmati_kacchi,4.3,460,Sultan's dine,Bashundhara R/A,biriyani,mutton,
morog_polao,4.3,299,Sultan's dine,Bashundhara R/A,biriyani,chicken,
mutton_tehari,4.3,230,Sultan's dine,Bashundhara R/A,biriyani,mutton,
beef_rezala,4.3,200,Sultan's dine,Bashundhara R/A,local,beef,
chicken_roast,4.3,150,Sultan's dine,Bashundhara R/A,local,chicken,
jali_kabab,4.3,60,Sultan's dine,Bashundhara R/A,local,beef,
plain_polao,4.3,120,Sultan's dine,Bashundhara R/A,local,rice,
firni,4.3,70,Sultan's dine,Bashundhara R/A,dessert,rice,
borhani,4.3,70,Sultan's dine,Bashundhara R/A,beverage,yogurt,
zafrani_sarbat,4.3,90,Sultan's dine,Bashundhara R/A,beverage,yogurt,
basmati_kacchi,4.3,290,Kacchi Bhai,Bashundhara R/A,biriyani,mutton,
chui_jhal_gosto,4.3,160,Kacchi Bhai,Bashundhara R/A,local,beef,
plain_polao,4.3,120,Kacchi Bhai,Bashundhara R/A,local,rice,
beef_rezala,4.3,200,Kacchi Bhai,Bashundhara R/A,local,beef,
chicken_roast,4.3,150,Kacchi Bhai,Bashundhara R/A,local,chicken,
jali_kabab,4.3,60,Kacchi Bhai,Bashundhara R/A,local,beef,
basmati_kacchi,4.3,290,Kacchi Bhai,Bashundhara R/A,biriyani,mutton,
badam_sarbat,4.3,90,Kacchi Bhai,Bashundhara R/A,beverage,yogurt,
borhani,4.3,70,Kacchi Bhai,Bashundhara R/A,beverage,yogurt,
firni,4.3,70,Kacchi Bhai,Bashundhara R/A,dessert,rice,
jorda,4.3,70,Kacchi Bhai,Bashundhara R/A,dessert,rice,
big_king_chicken,4.7,369,Burger King,Bashundhara R/A,burger,chicken,
chick'N_crisp,4.7,269,Burger King,Bashundhara R/A,burger,chicken,
creamy_cheese_burger,4.7,379,Burger King,Bashundhara R/A,burger,chicken,
crispy_king_chicken_burger,4.7,529,Burger King,Bashundhara R/A,burger,chicken,
double_whopper,4.7,629,Burger King,Bashundhara R/A,burger,chicken,
fish_n_crisp_burger,4.7,319,Burger King,Bashundhara R/A,burger,fish,
incredible_crispy_king,4.7,699,Burger King,Bashundhara R/A,burger,chicken,
long_cheese_burger,4.7,389,Burger King,Bashundhara R/A,burger,chicken,
long_chicken,4.7,399,Burger King,Bashundhara R/A,burger,chicken,
premium_salmon_burger,4.7,749,Burger King,Bashundhara R/A,burger,fish,
quad_beef_stacker,4.7,599,Burger King,Bashundhara R/A,burger,beef,
salmon_caramelized_burger,4.7,449,Burger King,Bashundhara R/A,burger,fish,
tartar_crispy_chicken_burger,4.7,289,burger King,Bashundhara R/A,burger,chicken,
tendercrisp,4.7,429,Burger King,Bashundhara R/A,burger,chicken,
triple_beef_stacker,4.7,489,Burger King,Bashundhara R/A,burger,beef,
triple_whopper_cheese,4.7,829,Burger King,Bashundhara R/A,burger,chicken,
whopper,4.7,459,Burger King,Bashundhara R/A,burger,chicken,
fish_n_crisp_burrito,4.7,369,Burger King,Bashundhara R/A,burrito,fish,
crispy_chicken_salad,4.7,269,Burger King,Bashundhara R/A,salad,chicken,
crunchy_garden_salad,4.7,169,Burger King,Bashundhara R/A,salad,chicken,
chicken_tenders,4.7,249,Burger King,Bashundhara R/A,fast_food,chicken,
crispy_fried_chicken,4.7,299,Burger King,Bashundhara R/A,fast_food,chicken,
chicken_nuggets,4.7,199,Burger King,Bashundhara R/A,fast_food,chicken,
fish_n_fries,4.7,299,Burger King,Bashundhara R/A,fast_food,fish,
fish_n_rice,4.7,319,Burger King,Bashundhara R/A,fast_food,fish,
french_fries,4.7,129,Burger King,Bashundhara R/A,fast_food,potato,
biriyani,4.1,240,Haji Biriyani,Bashundhara R/A,biriyani,beef,
borhani,4.1,170,Haji Biriyani,Bashundhara R/A,beverage,yogurt,
cheddar_cream,4.4,275,PizzaBurg,Bashundhara R/A,pizza,chicken,
mac_n_cheese,4.4,315,PizzaBurg,Bashundhara R/A,pizza,chicken,
tender_beef,4.4,275,PizzaBurg,Bashundhara R/A,pizza,beef,
deep_sea_fantasy,4.4,296,PizzaBurg,Bashundhara R/A,pizza,sea_food,
four_flavour,4.4,325,PizzaBurg,Bashundhara R/A,pizza,beef,
bbq_meat_machine,4.4,315,PizzaBurg,Bashundhara R/A,pizza,chicken,
kebab_cocktail,4.4,325,PizzaBurg,Bashundhara R/A,pizza,beef,
meat_masala,4.4,315,pizzaBurg,Bashundhara R/A,pizza,beef,
meaty_onion,4.4,255,PizzaBurg,Bashundhara R/A,pizza,chicken,
suasage_carnival,4.4,315,PizzaBurg,Bashundhara R/A,pizza,chicken,
bbq_beef_burger,4.4,205,PizzaBurg,Bashundhara R/A,burger,beef,
cheese_beef_burger,4.4,305,PizzaBurg,Bashundhara R/A,burger,beef,
juicy_beef_burger,4.4,195,PizzaBurg,Bashundhara R/A,burger,beef,
bbq_chicken_burger,4.4,185,PizzaBurg,Bashundhara R/A,burger,chicken,
cheese_chicken_burger,4.4,285,PizzaBurg,Bashundhara R/A,burger,chicken,
juicy_chicken_burger,4.4,175,PizzaBurg,Bashundhara R/A,burger,chicken,
french_fries,4.4,179,PizzaBurg,Bashundhara R/A,fast_food,potato,
chicken_lolipop,4.4,175,PizzaBurg,Bashundhara R/A,fast_food,chicken,
beef_bhuna,4.5,285,Magpie Restaurant,Bashundhara R/A,local,beef,
bhaji,4.5,28,Magpie Restaurant,Bashundhara R/A,local,chicken,
tea,4.5,34,Magpie Restaurant,Bashundhara R/A,beverage,,
chicken_fry,4.5,250,Magpie Restaurant,Bashundhara R/A,fast_food,chicken,
chicken_roast,4.5,171,Magpie Restaurant,Bashundhara R/A,local,chicken,
egg_omlet,4.5,28,Magpie Restaurant,Bashundhara R/A,local,egg,
khichuri,4.5,307,Magpie Restaurant,Bashundhara R/A,local,beef,
mug_dal,4.5,57,Magpie Restaurant,Bashundhara R/A,local,,
mutton_bhuna,4.5,285,Magpie Restaurant,Bashundhara R/A,local,mutton,
nihari,4.5,182,Magpie Restaurant,Bashundhara R/A,local,beef,
paratha,4.5,18,Magpie Restaurant,Bashundhara R/A,local,,
ruti,4.5,18,Magpie Restaurant,Bashundhara R/A,local,,
soup,4.5,137,Magpie Restaurant,Bashundhara R/A,local,,
ayer_fish,4.5,342,Magpie Restaurant,Bashundhara R/A,local,,
baila_fish,4.5,228,Magpie Restaurant,Bashundhara R/A,local,,
begun_vaji,4.5,28,Magpie Restaurant,Bashundhara R/A,local,,
rice,4.5,57,Magpie Restaurant,Bashundhara R/A,local,,
boal_fish,4.5,342,Magpie Restaurant,Bashundhara R/A,local,,
chicken_biriyani,4.5,250,Magpie Restaurant,Bashundhara R/A,biriyani,chicken,
prawn,4.5,228,Magpie Restaurant,Bashundhara R/A,local,,
chana_daal,4.5,23,Magpie Restaurant,Bashundhara R/A,local,,
dhoniya_pata_vorta,4.5,46,Magpie Restaurant,Bashundhara R/A,local,,
egg_vorta,4.5,28,Magpie Restaurant,Bashundhara R/A,local,,
yogurt,4.5,46,Magpie Restaurant,Bashundhara R/A,dessert,,
firni,4.5,46,Magpie Restaurant,Bashundhara R/A,dessert,,
korolla_vaji,4.5,46,Magpie Restaurant,Bashundhara R/A,local,,
lal_shak,4.5,46,Magpie Restaurant,Bashundhara R/A,local,,
lau,4.5,46,Magpie Restaurant,Bashundhara R/A,local,,
rui_fish,4.5,228,Magpie Restaurant,Bashundhara R/A,local,,
rupchada_fish,4.5,342,Magpie Restaurant,Bashundhara R/A,local,,
naan,4.5,46,Magpie Restaurant,Bashundhara R/A,local,,
beef_sheek_kabab,4.5,182,Magpie Restaurant,Bashundhara R/A,kabab,,
chicken_chap,4.5,137,Magpie Restaurant,Bashundhara R/A,kabab,chicken,
chicken_shawarma,4.5,114,Magpie Restaurant,Bashundhara R/A,fast_food,chicken,
chicken_tikka,4.5,250,Magpie Restaurant,Bashundhara R/A,kabab,chicken,
grilled_chicken,4.5,125,Magpie Restaurant,Bashundhara R/A,kabab,chicken,
haleem,4.5,171,Magpie Restaurant,Bashundhara R/A,local,,
mutton_boti_kabab,4.5,194,Magpie Restaurant,Bashundhara R/A,local,mutton,
nawabi_kabab,4.5,182,Magpie Restaurant,Bashundhara R/A,kabab,,
faluda,4.5,194,Magpie Restaurant,Bashundhara R/A,local,,
chiken_burger,4.2,319,KFC,Shewrapara,burger,chicken,
tanduri_burger,4.2,399,KFC,Shewrapara,burger,chicken,
maxican_burger,4.2,399,KFC,Shewrapara,burger,beef,
crispy_chicken_bucket,4.2,1109,KFC,Shewrapara,burger,chicken,
chicken_wings,4.2,549,KFC,Shewrapara,burger,chicken,
chicken_burger,4.6,169,BurgerX,Mirpur,burger,chicken,
chicken_cheese_burger,4.6,216,BurgerX,Mirpur,burger,chicken,
smokey_bbq_burger,4.6,237,BurgerX,Mirpur,burger,beef,
doublex_chicken_burger,4.6,382,BurgerX,Muirpur,burger,chicken,
bbq_blast_pizza,4.6,552,BurgerX,Mirpur,pizza,chicken,
maxican_pizza,4.6,502,BurgerX,Mirpur,pizza,chicken,
sausage_pool_pizza,4.6,604,BurgerX,Mirpur,pizza,chicken,
four_seasons_pizza,4.6,638,BurgerX,Mirpur,pizza,beef,
baked_chicken_pasta,4.6,234,BurgerX,Mirpur,pasta,chicken,
maxican_pasta,4.6,217,BurgerX,Mirpur,pasta,chicken,
naga_pasta,4.6,230,BurgerX,Mirpur,pasta,chicken,
tandoori_pasta,4.6,242,BurgerX,Mirpur,pasta,chicken,
french_fries,4.6,123,BurgerX,Mirpur,fast_food,potato,
potato_wedges,4.6,166,BurgerX,Mirpur,fast_food,potato,
sour-wings,4.6,152,BurgerX,Mirpur,fast_food,,
sriracha_wings,4.6,157,BurgerX,Mirpur,fast_food,,
bbq_chicken_wings,4.6,157,BurgerX,Mirpur,fast_food,chicken,
naga_chicken_wings,4.6,157,BurgerX,Mirpur,fast_food,chicken,
chocolate_cold_coffee,4.6,166,BurgerX,Mirpur,beverage,cold_coffee,
caramel_cold_coffee,4.6,166,BurgerX,Mirpur,beverage,cold_coffee,
mango_smoothie,4.6,187,BurgerX,Mirpur,beverage,,
orange_smoothie,4.6,187,BurgerX,Mirpur,beverage,,
beef_cheese_burger,4.2,240,Takeout,Mirpur,burger,beef,
beef_cheese_delight,4.2,355,Takeout,Mirpur,burger,beef,
chicken_cheese_burger,4.2,220,Takeout,Mirpur,burger,chicken,
chicken_got_fried,4.2,215,Takeout,Mirpur,burger,chicken,
sriracha_wings,4.2,185,Takeout,Mirpur,fast_food,,
panda_katsu_burger,4.2,300,Takeout,Mirpur,burger,,
chicken_classic_pan,3.8,439,Pizza Hut,Shewrapara,pizza,chicken,
double_cheese_pan,3.8,349,Pizza Hut,Shewrapara,pizza,chicken,
beef_lover_pan,3.8,389,Pizza Hut,Shewrapara,pizza,beef,
bbq_pan,3.8,439,Pizza Hut,Shewrapara,pizza,beef,
the_works_pan,3.8,489,Pizza Hut,Shewrapara,pizza,,
bbq_chicken_pizza,3.8,389,Pizza Hut,Shewrapara,pizza,chicken,
beef_bacon_burger,4.1,273,Burger Xpress,Mirpur,burger,beef,
beef_cheese_burger,4.1,213,Burger Xpress,Mirpur,burger,beef,
chicken_sausage_burger,4.1,249,Burger Xpress,Mirpur,burger,chicken,
smokey_bbq_burger,4.1,199,Burger Xpress,Mirpur,burger,beef,
chicken_cheese_burger,4.1,189,Burger Xpress,Mirpur,burger,chicken,
mushroom_chicken_burger,4.1,259,Burger Xpress,Mirpur,burger,chicken,
mushroom_beef_burger,4.1,283,Burger Xpress,Mirpur,burger,beef,
peri_peri_french_fries,4.1,99,Burger Xpress,Mirpur,fast_food,potato,
potato_wedges,4.1,109,Burger Xpress,Mirpur,fast_food,potato,
buffalo_wings,4.1,136,Burger Xpress,Mirpur,fast_food,,
crispy_chicken_wings,4.1,138,Burger Xpress,Mirpur,fast_food,chicken,
peri_peri_wings,4.1,174,Burger Xpress,Mirpur,fast_food,chicken,
chicken_steak_burger,4.3,150,3 Food,Mirpur,burger,chicken,
spicy_steak_burger,4.3,150,3 Food,Mirpur,burger,chicken,
green_chili_chicken_burger,4.3,160,3 Food,Mirpur,burger,chicken,
chicken_bbq_cheese_burger,4.3,180,3 Food,Mirpur,burger,chicken,
chicken_cheese_burger,4.3,170,3 Food,Mirpur,burger,chicken,
chicken_naga_burger,4.3,190,3 Food,Mirpur,burger,chicken,
twist_chicken_burger,4.3,190,3 Food,Mirpur,burger,chicken,
naga_cheese_burger,4.3,210,3 Food,Mirpur,burger,chicken,
chicken_sausage_burger,4.3,250,3 Food,Mirpur,burger,chicken,
premium_chicken_burger,4.3,270,3 Food,Mirpur,burger,chicken,
double_cheese_burger,4.3,280,3 Food,Mirpur,burger,chicken,
chicken_honey_blast_burger,4.3,330,3 Food,Mirpur,burger,chicken,
chicken_giant_burger,4.3,470,3 Food,Mirpur,burger,chicken,
special_burger,4.3,200,3 Food,Mirpur,burger,beef,
regular_beef_burger,4.3,180,3 Food,Mirpur,burger,beef,
beef_cheese_burger,4.3,200,3 Food,Mirpur,burger,beef,
beef_naga_burger,4.3,200,3 Food,Mirpur,burger,beef,
beef_naga_special_burger,4.3,200,3 Food,Mirpur,burger,beef,
beef_bbq_burger,4.3,220,3 Food,Mirpur,burger,beef,
beef_cheese_naga_special,4.3,220,3 Food,Mirpur,burger,beef,
beef_double_patty_burger,4.3,280,3 Food,Mirpur,burger,beef,
beef_cheese_king_burger,4.3,300,3 Food,Mirpur,burger,beef,
beef_sausage_burger,4.3,250,3 Food,Mirpur,burger,beef,
beef_honey_blast_burger,4.3,330,3 Food,Mirpur,burger,beef,
beef_special_burger,4.3,370,3 Food,Mirpur,burger,beef,
beef_giant_burger,4.3,470,3 Food,Mirpur,burger,beef,
fat_boy_beef_burger,4.3,640,3 Food,Mirpur,burger,beef,
french_fries,4.3,110,3 Food,Mirpur,fast_food,potato,
french_fries_spicy,4.3,120,3 Food,Mirpur,fast_food,potato,
potato_wedges,4.3,100,3 Food,Mirpur,fast_food,potato,
chicken_bbq_wings,4.3,210,3 Food,Mirpur,fast_food,chicken,
chicken_fried_wings,4.3,210,3 Food,Mirpur,fast_food,chicken,
naga_wings,4.3,240,3 Food,Mirpur,fast_food,chicken,
strawberry_shake,4.3,150,3 Food,Mirpur,beverage,,
nutella_shake,4.3,160,3 Food,Mirpur,beverage,,
kitkat_shake,4.3,160,3 Food,Mirpur,beverage,,
snickers_shake,4.3,150,3 Food,Mirpur,beverage,,
bbq_chicken_pizza,3.9,220,Street Oven,Bashundhara R/A,pizza,chicken,
sarda_pizza,3.9,250,Street Oven,Bashundhara R/A,pizza,chicken,
margherita_pizza,3.9,330,Street Oven,Bashundhara R/A,pizza,chicken,
americana_pizza,3.9,410,Street Oven,Bashundhara R/A,pizza,chicken,
creamy_melt_pizza,3.9,500,Street Oven,Bashundhara R/A,pizza,chicken,
cheesy_peperoni_pizza,3.9,410,Street Oven,Bashundhara R/A,pizza,chicken,
mushroom_chicken_pizza,3.9,390,Street Oven,Bashundhara R/A,pizza,chicken,
naga_pizza,3.9,470,Street Oven,Bashundhara R/A,pizza,chicken,
bread_roll,4,70,Le Delicia,Bashundhara R/A,fast_food,,
chocolate_berliner,4,110,Le Delicia,Bashundhara R/A,dessert,,
grilled_chicken_sandwich,4,120,Le Delicia,Bashundhara R/A,fast_food,chicken,
chocolate_eclair,4,120,Le Delicia,Bashundhara R/A,dessert,,
bluberry_chocolate_mousse,4,119,Le Delicia,Bashundhara R/A,dessert,,
mini_pizza,4,130,Le Delicia,Bashundhara R/A,pizza,chicken,
bbq_chicken_burger,4,180,Le Delicia,Bashundhara R/A,burger,chicken,
vegetable_cheese_loaf,4,70,Le Delicia,Bashundhara R/A,fast_food,chicken,
meatloaf,4,60,Le Delicia,Bashundhara R/A,fast_food,chicken,
chicken_sausage_sandwich,4,90,Le Delicia,Bashundhara R/A,fast_food,chicken,
white_chocolate_berliner,4,110,Le Delicia,Bashundhara R/A,dessert,,
strawberry_berliner,4,110,Le Delicia,Bashundhara R/A,dessert,,
chocolate_doughnut,4,90,Le Delicia,Bashundhara R/A,dessert,,
white_chocolate_berliner,4,110,Le Delicia,Bashundhara R/A,dessert,,
strawberry_doughnut,4,90,Le Delicia,Bashundhara R/A,dessert,,
vanilla_doughnut,4,90,Le Delicia,Bashundhara R/A,dessert,,
croissant,4,90,Le Delicia,Bashundhara R/A,dessert,,
blueberry_mousse,4,119,Le Delicia,Bashundhara R/A,dessert,,
chocolate_pastry,4,175,Le Delicia,Bashundhara R/A,dessert,,
red_velvet_pastry,4,195,Le Delicia,Bashundhara R/A,dessert,,
chocolate_muffin,4,75,Le Delicia,Bashundhara R/A,dessert,,
vanilla_muffin,4,75,Le Delicia,Bashundhara R/A,dessert,,
caramel_eclair,4,120,Le Delicia,Bashundhara R/A,dessert,,
cream_bun,4,100,Le Delicia,Bashundhara R/A,dessert,,
chocolate_bun,4,100,Le Delicia,Bashundhara R/A,dessert,,
lemon_bun,4,100,Le Delicia,Bashundhara R/A,dessert,,
chicken_burger,4,210,Chillox,Bashundhara R/A,burger,chicken,
chicken_cheese_burger,4,235,Chillox,Bashundhara R/A,burger,chicken,
bbq_chicken_burger,4,260,Chillox,Bashundhara R/A,burger,chicken,
chicken_bacon_burger,4,270,Chillox,Bashundhara R/A,burger,chicken,
chicken_sausage_burger,4,290,Chillox,Bashundhara R/A,burger,chicken,
chicken_signature_burger,4,450,Chillox,Bashundhara R/A,burger,chicken,
gignato_chicken_burger,4,520,Chillox,Bashundhara R/A,burger,chicken,
beef_burger,4,210,Chillox,Bashundhara R/A,burger,beef,
beef_cheese_burger,4,235,Chillox,Bashundhara R/A,burger,beef,
bbq_beef_burger,4,260,Chillox,Bashundhara R/A,burger,beef,
beef_bacon_burger,4,270,Chillox,Bashundhara R/A,burger,beef,
double_decker_beef_burger,4,360,Chillox,Bashundhara R/A,burger,beef,
beef_signature,4,450,Chillox,Bashundhara R/A,burger,beef,
chiken_burger,4.2,319,KFC,Banani,burger,chicken,
tanduri_burger,4.2,399,KFC,Banani,burger,chicken,
maxican_burger,4.2,399,KFC,Banani,burger,chicken,
crispy_chicken_bucket,4.2,1109,KFC,Banani,burger,chicken,
chicken_burger,4,210,Chillox,banani,burger,chicken,
chicken_cheese_burger,4,235,Chillox,banani,burger,chicken,
bbq_chicken_burger,4,260,Chillox,banani,burger,chicken,
chicken_bacon_burger,4,270,Chillox,banani,burger,chicken,
chicken_sausage_burger,4,290,Chillox,banani,burger,chicken,
chicken_signature_burger,4,450,Chillox,banani,burger,chicken,
gignato_chicken_burger,4,520,Chillox,banani,burger,chicken,
beef_burger,4,210,Chillox,banani,burger,beef,
beef_cheese_burger,4,235,Chillox,banani,burger,beef,
bbq_beef_burger,4,260,Chillox,banani,burger,beef,
beef_bacon_burger,4,270,Chillox,banani,burger,beef,
double_decker_beef_burger,4,360,Chillox,banani,burger,beef,
beef_signature,4,450,Chillox,banani,burger,beef,
buffalo_wings,3.6,335,Alfresco,Khilgaon,fast_food,,
chicken_strips,3.6,335,Alfresco,Khilgaon,fast_food,chicken,
fish_finger,3.6,395,Alfresco,Khilgaon,fast_food,,
french_fries,3.6,155,Alfresco,Khilgaon,fast_food,potato,
fried_wonton,3.6,335,Alfresco,Khilgaon,fast_food,,
spring_roll,3.6,235,Alfresco,Khilgaon,fast_food,chicken,
chicken_corn_soup,3.6,160,Alfresco,Khilgaon,soup,chicken,
chicken_vegetable_soup,3.6,170,Alfresco,Khilgaon,soup,chicken,
thai_hot_soup,3.6,180,Alfresco,Khilgaon,soup,chicken,
mushroom_soup,3.6,205,Alfresco,Khilgaon,soup,chicken,
seafood_soup,3.6,240,Alfresco,Khilgaon,soup,,
cashewnut_salad,3.6,405,Alfresco,Khilgaon,salad,,
chicken_salad,3.6,395,Alfresco,Khilgaon,salad,chicken,
shrimp_salad,3.6,420,Alfresco,Khilgaon,salad,,
seafood_salad,3.6,430,Alfresco,Khilgaon,salad,,
chicken_shawarma,3.6,210,Alfresco,Khilgaon,shawarma,chicken,
beef_shawarma,3.6,230,Alfresco,Khilgaon,shawarma,beef,
beef_wrap,3.6,230,Alfresco,Khilgaon,shawarma,beef,
shawarma_alfresco,3.6,240,Alfresco,Khilgaon,shawarma,,
pad_thai,3.6,390,Alfresco,Khilgaon,chowmine,,
american_chopsuey,3.6,335,Alfresco,Khilgaon,chowmine,,
beef_chopsuey,3.6,290,Alfresco,Khilgaon,chowmine,beef,
chicken_chopsuey,3.6,290,Alfresco,Khilgaon,chowmine,chicken,
chicken_pasta,3.6,425,Alfresco,Khilgaon,pasta,chicken,
pasta_basta,3.6,390,Alfresco,Khilgaon,pasta,,
pasta_bbq,3.6,395,Alfresco,Khilgaon,pasta,,
pasta_veg,3.6,360,Alfresco,Khilgaon,pasta,,
garlic_prawn,3.6,355,Alfresco,Khilgaon,main_course,,
whole_pomfret_fish,3.6,690,Alfresco,Khilgaon,main_course,,
fried_prawn,3.6,430,Alfresco,Khilgaon,side,sea_food,
fried_calamari,3.6,360,Alfresco,Khilgaon,side,sea_food,
fish_n_chips,3.6,440,Alfresco,Khilgaon,side,sea_food,
dory_fish,3.6,380,Alfresco,Khilgaon,main_course,sea_food,
crab,3.6,420,Alfresco,Khilgaon,main_course,sea_food,
cuttle_fish,3.6,420,Alfresco,Khilgaon,main_course,sea_food,
garlic_prawn,3.6,355,Alfresco,Khilgaon,main_course,sea_food,
fish_sizzling,3.6,355,Alfresco,Khilgaon,main_course,fish,
chicken_sizzling,3.6,305,Alfresco,Khilgaon,main_course,chicken,
mushroom_chicken,3.6,265,Alfresco,Khilgaon,main_course,chicken,
sweet_sour_chicken,3.6,280,Alfresco,Khilgaon,main_course,chicken,
thai_fried_chicken,3.6,355,Alfresco,Khilgaon,main_course,chicken,
beef_sizzling,3.6,360,Alfresco,Khilgaon,main_course,beef,
long_bean_beef,3.6,355,Alfresco,Khilgaon,main_course,beef,
beef_red_curry,3.6,345,Alfresco,Khilgaon,main_course,beef,
bbq_chicken_pizza,3.6,500,Alfresco,Khilgaon,pizza,chicken,
four_seasons_pizza,3.6,510,Alfresco,Khilgaon,pizza,beef_chicken,
beef_pizza,3.6,780,Alfresco,Khilgaon,pizza,beef,
mexicano_pizza,3.6,485,Alfresco,Khilgaon,pizza,beef,
pizza_italiano,3.6,490,Alfresco,Khilgaon,pizza,chicken,
masala_rice,3.6,385,Alfresco,Khilgaon,main_course,rice,
thai_fried_rice,3.6,375,Alfresco,Khilgaon,main_course,rice,
veg_fried_rice,3.6,345,Alfresco,Khilgaon,main_course,rice,
special_fried_rice,3.6,405,Alfresco,Khilgaon,main_course,rice,
egg_fried_rice,3.6,360,Alfresco,Khilgaon,main_course,rice,
seafood_fried_rice,3.6,450,Alfresco,Khilgaon,main_course,rice,
chocolate_mousse,3.6,200,Alfresco,Khilgaon,dessert,chocolate,
oero_cheese_cake,3.6,275,Alfresco,Khilgaon,dessert,chocolate,
black_forest,3.6,200,Alfresco,Khilgaon,dessert,chocolate,
tiramisu,3.6,225,Alfresco,Khilgaon,dessert,cheese,
chocolate_ice_cream,3.6,130,Alfresco,Khilgaon,dessert,ice_cream,
vanilla_ice_cream,3.6,200,Alfresco,Khilgaon,dessert,vanilla,
double_layer_cheese_cake,3.6,270,Alfresco,Khilgaon,dessert,cheese,
strawberry_icecream,3.6,130,Alfresco,Khilgaon,dessert,ice_cream,
mango_ice_cream,3.6,130,Alfresco,Khilgaon,dessert,ice_cream,
pineapple_margarita,3.6,245,Alfresco,Khilgaon,beverage,fruit,
blue_ocean,3.6,245,Alfresco,Khilgaon,beverage,soft_drink,
virjin_mojito,3.6,220,Alfresco,Khilgaon,beverage,soft_drink,
orange_mojito,3.6,235,Alfresco,Khilgaon,beverage,soft_drink,
malta_juice,3.6,220,Alfresco,Khilgaon,beverage,fruit,
green_mango_jouce,3.6,180,Alfresco,Khilgaon,beverage,fruit,
lemonade,3.6,150,Alfresco,Khilgaon,beverage,fruit,
mango_juice,3.6,205,Alfresco,Khilgaon,beverage,fruit,
papaya_juice,3.6,165,Alfresco,Khilgaon,beverage,fruit,
pineapple_juice,3.6,165,Alfresco,Khilgaon,beverage,fruit,
cold_coffee,3.6,195,Alfresco,Khilgaon,beverage,coffee,
hot_coffee,3.6,165,Alfresco,Khilgaon,beverage,coffee,
mocha,3.6,285,Alfresco,Khilgaon,beverage,coffee,
iced_tea,3.6,160,Alfresco,Khilgaon,beverage,tea,
iced_mocha,3.6,285,Alfresco,Khilgaon,beverage,fruit,
hot_chocolate,3.6,220,Alfresco,Khilgaon,beverage,fruit,
pasta_carbonara,4.2,399,Pizza Inn,Banani,pasta,,
lasagna,4.2,549,Pizza Inn,Banani,pasta,,
pasta_vegetable,4.2,365,Pizza Inn,Banani,pasta,,
pasta_penne,4.2,499,Pizza Inn,Banani,pasta,,
pasta_chicken,4.2,425,Pizza Inn,Banani,pasta,chicken,
pasta_beef,4.2,499,Pizza Inn,Banani,pasta,beef,
pasta_bolognese,4.2,459,Pizza Inn,Banani,pasta,,
crispy_chicken_pizza,4.2,755,Pizza Inn,Banani,pizza,chicken,
mighty_meat_pizza,4.2,780,Pizza Inn,Banani,pizza,,
chicken_alfredo_pizza,4.2,755,Pizza Inn,Banani,pizza,chicken,
grilled_chiicken_pizza,4.2,755,Pizza Inn,Banani,pizza,chicken,
bbq_chicken_pizza,4.2,755,Pizza Inn,Banani,pizza,chicken,
sweet_chill_pizza,4.2,730,Pizza Inn,Banani,pizza,,
chicken_fajita_pizza,4.2,755,Pizza Inn,Banani,pizza,,
roasted_garlic_chicken_pizza,4.2,755,Pizza Inn,Banani,pizza,chicken,
hawaiian_pizza,4.2,755,Pizza Inn,Banani,pizza,chicken,
meaty_max_pizza,4.2,755,Pizza Inn,Banani,pizza,chicken,
cheese_lover_pizza,4.2,645,Pizza Inn,Banani,pizza,chicken,
special_pizza,4.2,780,Pizza Inn,Banani,pizza,chicken,
veggie_supreme_pizza,4.2,699,Pizza Inn,Banani,pizza,chicken,
zesty_hot_pizza,4.2,755,Pizza Inn,Banani,pizza,chicken,
classic_veggie_pizza,4.2,666,Pizza Inn,Banani,pizza,chicken,
super_spicy_pizza,4.2,730,Pizza Inn,Banani,pizza,chicken,
chicken_delight_pizza,4.2,755,Pizza Inn,Banani,pizza,chicken,
gulliver_pizza,4.2,2600,Pizza Inn,Banani,pizza,chicken,
chicken_tandoori_pizza,4.2,755,Pizza Inn,Banani,pizza,chicken,
deep_dish_pizza,4.2,1695,Pizza Inn,Banani,pizza,chicken,
pepperoni_pizza,4.2,755,Pizza Inn,Banani,pizza,chicken,
chicken_wings,4.2,280,Pizza Inn,Banani,pizza,chicken,
french_fries,4.2,165,Pizza Inn,Banani,pizza,potato,
potato_wedges,4.2,195,Pizza Inn,Banani,fast_food,potato,
seafood_clear_soup,4.5,310,Barcode Cafe,Banani,soup,sea_food,
chicken_vegetable_soup,4.5,250,Barcode Cafe,Banani,soup,chicken,
creamy_mashroom_soup,4.5,245,Barcode Cafe,Banani,soup,chicken,
vegetable_clear_soup,4.5,210,Barcode Cafe,Banani,soup,,
thai_clear_soup,4.5,230,Barcode Cafe,Banani,soup,chicken,
thai_soup,4.5,230,Barcode Cafe,Banani,soup,chicken,
chittagong_pizza,4.5,970,Barcode Cafe,Banani,pizza,chicken,
special_pizza,4.5,1340,Barcode Cafe,Banani,pizza,chicken,
seafood_de_palermo,4.5,850,Barcode Cafe,Banani,pizza,sea_food,
veg_corleony_pizza,4.5,675,Barcode Cafe,Banani,pizza,chicken,
italian_classics_pizza,4.5,815,Barcode Cafe,Banani,pizza,chicken,
pizza_volcano,4.5,785,Barcode Cafe,Banani,pizza,chicken,
pepperoni_de_panago,4.5,770,Barcode Cafe,Banani,pizza,chicken,
naples_unique,4.5,850,Barcode Cafe,Banani,pizza,chicken,
barcode_premium_pizza,4.5,1095,Barcode Cafe,Banani,pizza,chicken,
pizza_de_amigo,4.5,865,Barcode Cafe,Banani,pizza,chicken,
pizza_de_fungi,4.5,825,Barcode Cafe,Banani,pizza,chicken,
sicilian_delight,4.5,835,Barcode Cafe,Banani,pizza,chicken,
bolognese_classic_pizza,4.5,705,Barcode Cafe,Banani,pizza,,
beef_sausage,4.5,785,Barcode Cafe,Banani,pizza,beef,
milan_supreme_pizza,4.5,815,Barcode Cafe,Banani,pizza,chicken,
romanian_delight,4.5,800,Barcode Cafe,Banani,pizza,chicken,
peccoraci_supreme,4.5,690,Barcode Cafe,Banani,pizza,chicken,
pizza_de_prosciutto,4.5,835,Barcode Cafe,Banani,pizza,chicken,
margarita_pizza,4.5,760,Barcode Cafe,Banani,pizza,chicken,
Beef Kacci,3.7,250,Bangaliana Bhoj,Bashundhara R/A,Biriyani,Beef & Cinigura Rice,
Hyderabadi Biriyani,4.4,300,Bangaliana Bhoj,Bashundhara R/A,Biriyani,Mutton,
Hyderabadi Biriyani,4.2,250,Bangaliana Bhoj,Bashundhara R/A,Biriyani,Chicken,
Mutton dom Biriyani,4.3,300,Bangaliana Bhoj,Bashundhara R/A,Biriyani,Mutton,
Beef dom Biriyani,4.3,300,Bangaliana Bhoj,Bashundhara R/A,Biriyani,Beef,
Chicken dom Biriyani,4,250,Bangaliana Bhoj,Bashundhara R/A,Biriyani,Chicken,
Bashmoti & chicken kosha,4.2,200,Bangaliana Bhoj,Bashundhara R/A,Curry,Chicken,
Beef lal Bhuna,4.2,170,Bangaliana Bhoj,Bashundhara R/A,Curry,Beef,
Beef kala Bhuna,4.2,170,Bangaliana Bhoj,Bashundhara R/A,Curry,Beef,
Beef Cui Jhal,4.2,200,Bangaliana Bhoj,Bashundhara R/A,Curry,Beef,
Duck Curry,3.5,230,Bangaliana Bhoj,Bashundhara R/A,Curry,Duck,
Mutton jhal fry,4.2,300,Bangaliana Bhoj,Bashundhara R/A,Curry,Mutton,
Chicken Jhal fry,4.2,150,Bangaliana Bhoj,Bashundhara R/A,Curry,Chicken,
Chicken Roast,4.2,150,Bangaliana Bhoj,Bashundhara R/A,Curry,Chicken,
Boal Fish Bhuna,4.2,200,Bangaliana Bhoj,Bashundhara R/A,Curry,Boal Fish,
Rui fish bhuna,4,200,Bangaliana Bhoj,Bashundhara R/A,Curry,Rui Fish,
Pabda fish bhuna,4.1,200,Bangaliana Bhoj,Bashundhara R/A,Curry,Pabda Fish,
Prawn bhuna,3.9,200,Bangaliana Bhoj,Bashundhara R/A,Curry,Prawn,
Koel Roast,4.2,150,Bangaliana Bhoj,Bashundhara R/A,Curry,Koel meat,
Sorisha Elish,4.3,250,Bangaliana Bhoj,Bashundhara R/A,Curry,Elish fish,
Rupchada Fry,4.1,300,Bangaliana Bhoj,Bashundhara R/A,Curry,Rupchada Fish,
Chicken Kosha,4.1,150,Bangaliana Bhoj,Bashundhara R/A,Curry,Chicken,
Beff booter dal,4.2,150,Bangaliana Bhoj,Bashundhara R/A,Curry,Beef & dal,
Vat,4.3,30,Bangaliana Bhoj,Bashundhara R/A,Rice,Rice,
Khuder vat,3,70,Bangaliana Bhoj,Bashundhara R/A,Rice,Rice,
Bashmoti vat,4,100,Bangaliana Bhoj,Bashundhara R/A,Rice,Rice,
Plain Polao,4.5,80,Bangaliana Bhoj,Bashundhara R/A,Rice,Rice,
Plain khicuri,4.4,70,Bangaliana Bhoj,Bashundhara R/A,Rice,Rice,
Nimbu Pani,4.2,50,Bangaliana Bhoj,Bashundhara R/A,Drinks,,
Borhani,3.7,70,Bangaliana Bhoj,Bashundhara R/A,Drinks,,
Grill (Full),4.1,440,Dokhina Kitchen,Shonir Akhra,Kabab,Chicken,
Chiken Chap,4.1,140,Dokhina Kitchen,Shonir Akhra,Kabab,Chicken,
Chicken Level too,3.9,180,Dokhina Kitchen,Shonir Akhra,Kabab,Chicken,
Chicken Dhaturi(full),3.9,500,Dokhina Kitchen,Shonir Akhra,Kabab,Chicken,
Chicken Saslik,4.2,80,Dokhina Kitchen,Shonir Akhra,Kabab,Chicken,
Mutton Leg Roast,4.2,300,Dokhina Kitchen,Shonir Akhra,Kabab,Mutton,
Beef bot(500 grams),3.9,520,Dokhina Kitchen,Shonir Akhra,Beef curry,Beef,
Porota,4.2,25,Dokhina Kitchen,Shonir Akhra,,,
Faluda,4.3,120,Dokhina Kitchen,Shonir Akhra,Drinks,,
Matha(1 litre),3.7,400,Dokhina Kitchen,Shonir Akhra,Drinks,,
Rupchada Fish kabab,3.9,270,Star Kabab & Restaurant,Elephant Road,Kabab,Rupchada fish,
Beef sik kabab,4.3,115,Star Kabab & Restaurant,Elephant Road,Kabab,Beef,
Mutton Boti Kabab,4.4,135,Star Kabab & Restaurant,Elephant Road,Kabab,Mutton,
Chicken boti kabab,4.4,110,Star Kabab & Restaurant,Elephant Road,Kabab,Chicken,
Chicken Grill,4.4,110,Star Kabab & Restaurant,Elephant Road,Kabab,Chicken,
Chicken Tikka,4.5,110,Star Kabab & Restaurant,Elephant Road,Kabab,Chicken,
Chicken Resmi Kabab,4.5,110,Star Kabab & Restaurant,Elephant Road,Kabab,Chicken,
Chicken kashmeri Kabab,4.4,110,Star Kabab & Restaurant,Elephant Road,Kabab,Chicken,
Mutton khiri kabab,4,125,Star Kabab & Restaurant,Elephant Road,Kabab,Mutton,
Beef chap,4.2,140,Star Kabab & Restaurant,Elephant Road,Kabab,Beef,
Beef roll,4.1,140,Star Kabab & Restaurant,Elephant Road,Kabab,Beef,
Kacci Biriyani,4.1,200,Star Kabab & Restaurant,Elephant Road,Biriyani,Mutton & Rice,
Chicken Biriyani,4.2,170,Star Kabab & Restaurant,Elephant Road,Biriyani,Chicken & Rice,
Mutton vuna khicuri,4.5,215,Star Kabab & Restaurant,Elephant Road,Khicuri,Mutton & Rice,
Mutton Tehari,4.1,200,Star Kabab & Restaurant,Elephant Road,Biriyani,Mutton & Rice,
double_beef_cheddar,4.7,454,Khana's,Banani,burger,chicken,
beef_cheese_burger,4.7,269,Khana's,Banani,burger,beef,
fat_mamba_burger,4.7,549,Khana's,Banani,burger,beef,
chicken_burger,4.7,229,Khana's,Banani,burger,chicken,
beef_burger,4.7,249,Khana's,Banani,burger,beef,
beef_bacon_burger,4.7,329,Khana's,Banani,burger,beef,
chicke_cheddar_burger,4.7,249,Khana's,Banani,burger,chicken,
beef_cheddar_blust,4.7,349,Khana's,Banani,burger,beef,
chicklen_premium_burger,4.7,299,Khana's,Banani,burger,chicken,
beef_cheddar_burger,4.7,269,Khana's,Banani,burger,beef,
choco_cold_coffee,4.7,143,Khana's,Banani,Shakes,cold_coffee,
cold_strawberry,4.7,94,Khana's,Banani,shakes,,
tangy_lemon_soda,4.7,143,Khana's,Banani,shakes,lemon_soda,
hot_peri_peri_wings,4.7,244,Khana's,Banani,fast_food,chicken,
truffle_wings,4.7,259,Khana's,Banani,fast_food,chicken,
chicken_momo,4.7,239,Khana's,Banani,fast_food,chicken,
naga_wings,4.7,244,Khana's,Banani,fast_food,chicken,
spicy_chicken,4.7,234,Khana's,Banani,fast_food,chicken,
chicken_cheese_nuggets,4.7,234,Khana's,Banani,fast_food,chicken,
masala_wedges,4.7,159,Khana's,Banani,fast_food,chicken,
hot_fries,4.7,149,Khana's,Banani,fast_food,potato,
truffle_fries,4.7,159,Khana's,Banani,fast_food,potato,
big_herfy_burger,4.5,379,Herfy,Banani,burger,chicken,
chicken_cheese_burger,4.5,339,Herfy,Banani,burger,chicken,
grilled_chicken_burger,4.5,369,Herfy,Banani,burger,chicken,
chill_chicken_burger,4.5,369,Herfy,Banani,burger,chicken,
crispy_juicy_burger,4.5,359,Herfy,Banani,burger,chicken,
veggle_burger,4.5,199,Herfy,Banani,burger,chicken,
turkish_burger,4.5,479,Herfy,Banani,burger,beef,
chicken_nugets,4.5,229,Herfy,Banani,fast_food,chicken,
chicken_strips,4.5,489,Herfy,Banani,fast_food,chicken,
fried_chicken,4.5,159,Herfy,Banani,fast_food,chicken,
french_fries,4.5,159,Herfy,Banani,fast_food,potato,
best_burger,4.5,255,BFC,Gulshan,burger,chicken,
supreme_burger,4.5,275,BFC,Gulshan,burger,chicken,
grill_burger,4.5,260,BFC,Gulshan,burger,chicken,
spicy_mustard_burger,4.5,230,BFC,Gulshan,burger,chicken,
brioche_burger,4.5,270,BFC,Gulshan,burger,chicken,
juicy_burger,4.5,175,BFC,Gulshan,burger,chicken,
spicy_burger,4.5,255,BFC,Gulshan,burger,chicken,
juicy_cheese_burger,4.5,205,BFC,Gulshan,burger,chicken,
hot_wings,4.5,125,BFC,Gulshan,fast_food,chicken,
naga_wings,4.5,135,BFC,Gulshan,fast_food,chicken,
bbq_hot_wings,4.5,135,BFC,Gulshan,fast_food,chicken,
crispy_fried_chicken,4.5,355,BFC,Gulshan,fast_food,chicken,
Tandoori Zinger,4.1,399,KFC,Bashundhara R/A,Burger,chicken,
Texas BBQ zinger,4.1,399,KFC,Bashundhara R/A,Burger,chicken,
Moroccan Zinger,4.1,399,KFC,Bashundhara R/A,Burger,chicken,
Mexican Zinger,4.1,399,KFC,Bashundhara R/A,Burger,chicken,
Kashundi Zinger,4.1,399,KFC,Bashundhara R/A,Burger,chicken,
1pc hot & crispy,4.1,159,KFC,Bashundhara R/A,Fast food,chicken,
2pc hot & crispy,4.1,299,KFC,Bashundhara R/A,Fast Food,chicken,
4pc hot & crispy,4.1,589,KFC,Bashundhara R/A,Fast food,Chicken,
4pc Chicken & fries meal,4.1,789,KFC,Bashundhara R/A,Fast food,Chicken,
6pc boneless strips,4.1,489,KFC,Bashundhara R/A,Fast food,Chicken,
chicken burger,3.9,144,Le Metro,Mirpur,Burger,chicken,
naga_chicken_burher,3.9,160,Le Metro,Mirpur,Burger,chicken,
bbq_chicken_burger,3.9,160,Le Metro,Mirpur,Burger,chicken,
crispy_fried_chicken,3.9,112,Le Metro,Mirpur,fast_food,chicken,
bbq_fried_chicken,3.9,120,Le Metro,Mirpur,fast_food,chicken,
thai_fried_chicken,3.9,120,Le Metro,Mirpur,fast_food,chicken,
pasta_basta,3.9,232,Le Metro,Mirpur,pasta,chicken,
naga_pasta,3.9,240,Le Metro,Mirpur,pasta,chicken,
mixed_pasta,3.9,256,Le Metro,Mirpur,pasta,chicken,
special_pasta,3.9,280,Le Metro,Mirpur,pasta,chicken,
bbq_chicken_pizza,4.5,530,Food Terminal,Ibrahimpur,pizza,chicken,
chicken_pepperoni_pizza,4.5,514,Food Terminal,Ibrahimpur,pizza,chicken,
chicken_sausage_pizza,4.5,507,Food Terminal,Ibrahimpur,pizza,chicken,
four_seasons_pizza,4.5,780,Food Terminal,Ibrahimpur,pizza,chicken,
food_terminal_special_pizza,4.5,780,Food Terminal,Ibrahimpur,pizza,chicken,
naga_wings,4.5,156,Food Terminal,Ibrahimpur,pizza,chicken,
french_fries,4.5,140,Food Terminal,Ibrahimpur,fast_food,chicken,
hot_wings,4.5,140,Food Terminal,Ibrahimpur,fast_food,chicken,
buffalo_wings,4.5,140,Food Terminal,Ibrahimpur,fast_food,chicken,
bbq_wings,4.5,148,Food Terminal,Ibrahimpur,fast_food,chicken,
baked_chicken_alfredo,4.5,507,Food Terminal,Ibrahimpur,pasta,chicken,
alfredo_pasta,4.5,312,Food Terminal,Ibrahimpur,pasta,chicken,
spicy_pasta,4.5,210,Food Terminal,Ibrahimpur,pasta,chicken,
pasta_basta,4.5,273,Food Terminal,Ibrahimpur,pasta,chicken,
pasta_italiano,4.5,273,Food Terminal,Ibrahimpur,pasta,chicken,
chicken_naga_pasta,4.5,288,Food Terminal,Ibrahimpur,pasta,chicken,
pepperoni_pizza,3.4,504,Food Plate,Mirpur,pizza,chicken,
italian_special_pizza,3.4,440,Food Plate,Mirpur,pizza,chicken,
bbq_chicken_pizza,3.4,464,Food Plate,Mirpur,pizza,chicken,
4_flavor_pizza,3.4,512,Food Plate,Mirpur,pizza,chicken,
mexican_hot_pizza,3.4,528,Food Plate,Mirpur,pizza,chicken,
naga_pizza,3.4,480,Food Plate,Mirpur,pizza,chicken,
baby_cream_pizza,3.4,480,Food Plate,Mirpur,pizza,chicken,
food_plate_love_pizza,3.4,632,Food Plate,Mirpur,pizza,chicken,
italian_pasta,3.4,256,Food Plate,Mirpur,pizza,chicken,
pasta_basta,3.4,256,Food Plate,Mirpur,pizza,chicken,
naga_pasta,3.4,264,Food Plate,Mirpur,pasta,chicken,
mexiacan_hot_pasta,3.4,312,Food Plate,Mirpur,pasta,chicken,
pan_pasta,3.4,280,Food Plate,Mirpur,pastra,chicken,
cream_pan_pasta,3.4,312,Food Plate,Mirpur,pasta,chicken,
fried_wonton,3.4,152,Food Plate,Mirpur,fast_food,chicken,
naga_bbq_hot_wings,3.4,352,Food Plate,Mirpur,fast_food,chicken,
french_fries,3.4,112,Food Plate,Mirpur,fast_food,chicken,
bbq_nachos,3.4,216,Food Plate,Mirpur,fast_food,chicken,
chicken_lilipop,3.4,248,Food Plate,Mirpur,fast_food,chicken,
fried_chicken,3.4,112,Food Plate,Mirpur,fast_food,chicken,
garlic_chicken_fry,3.4,136,Food Plate,Mirpur,fast_food,chicken,
chicken_buffalo_hot_wings,3.4,352,Food Plate,Mirpur,fast_food,chicken,
stick_wonton,3.4,208,Food Plate,Mirpur,fast_food,chicken,
crispy_fried_chicken,3.4,112,Food Plate,Mirpur,fast_food,chicken,
chicken_cheese_burger,3.4,160,Food Plate,Mirpur,burger,chicken,
double_decker_beef_burger,3.4,336,Food Plate,Mirpur,burger,beef,
bbq_chicken_cheese_burger,3.4,200,Food Plate,Mirpur,burger,beef,
mexican_beef_burger,3.4,216,Food Plate,Mirpur,burger,beef,
chicken_juicy_burger,3.4,176,Food Plate,Mirpur,burger,chicken,
double_decker_chicken_burger,3.4,280,Food Plate,Mirpur,burger,chicken,
teen_lecker_burger,4.3,150,Lecker,Mirpur,burger,beef,
cheese_lecker_burger,4.3,200,Lecker,Mirpur,burger,beef,
supreme_burger,4.3,280,Lecker,Mirpur,burger,beef,
cheese_lecker_burger,4.3,140,Lecker,Mirpur,burger,chicken,
teen_lecker_burger,4.3,120,Lecker,Mirpur,burger,chicken,
supreme_chicken_burgerf,4.3,220,Lecker,Mirpur,burger,chicken,
fried_chicken,4.3,100,Lecker,Mirpur,fast_food,chicken,
lemonade,4.3,40,Lecker,Mirpur,fast_food,soft_drinks,
zan_thanda,4.3,70,Lecker,Mirpur,fast_food,soft_drinks,
fried_chicken,4.2,135,Pizza Best,Mirpur,fast_food,chicken,
smocky_chicken,4.2,117,Pizza Best,Mirpur,fast_food,chicken,
chicken_nachos,4.2,261,Pizza Best,Mirpur,fast_food,chicken,
meat_box,4.2,261,Pizza Best,Mirpur,fast_food,chicken,
smokey_meat_box,4.2,270,Pizza Best,Mirpur,fast_food,chicken,
smoky_wings,4.2,270,Pizza Best,Mirpur,fast_food,chicken,
crispy_wings,4.2,270,Pizza Best,Mirpur,fast_food,chicken,
smoky_fried_chicken,4.2,153,Pizza Best,Mirpur,fast_food,chicken,
french_fries,4.2,108,Pizza Best,Mirpur,fast_food,potato,
potato_wedges,4.2,135,Pizza Best,Mirpur,fast_food,potato,
cheesy_alfredo_pizza,4.2,680,Pizza Best,Mirpur,pizza,chicken,
bbq_chicken_pizza,4.2,690,Pizza Best,Mirpur,pizza,chicken,
chicken_sausage_pizza,4.2,650,Pizza Best,Mirpur,pizza,chicken,
chicken_keema_pizza,4.2,660,Pizza Best,Mirpur,pizza,chicken,
chicken_cheese_pasta,4.2,270,Pizza Best,Mirpur,pasta,chicken,
chicken_bbq_pasta,4.2,288,Pizza Best,Mirpur,pasta,chicken,
spicy_chicken_bbq_pasta,4.2,288,Pizza Best,Mirpur,pasta,chicken,
naga_chicken_pasta,4.2,279,Pizza Best,Mirpur,pasta,chicken,
cheesy_sausage_pasta,4.2,252,Pizza Best,Mirpur,pasta,chicken,
beef_cheese_pasta,4.2,360,Pizza Best,Mirpur,pasta,chicken,
sausage_fantasy_pizza,4.2,369,Pizza Best,Mirpur,pizza,chicken,
spicy_naga_chicken_pizza,4.2,405,Pizza Best,Mirpur,pizza,chicken,
chicken_cheese_pizza,4.2,351,Pizza Best,Mirpur,pizza,chicken,
classic_margarita_pizza,4.2,351,Pizza Best,Mirpur,pizza,chicken,
chicken_sausage_pizza,4.2,495,Pizza Best,Mirpur,pizza,chicken,
Strips box,4.3,399,KFC,Bashundhara R/A,Set meal,Chicken,
Got wings box,4.3,399,KFC,Bashundhara R/A,Set meal,Chicken,
Popcorn box,4.3,399,KFC,Bashundhara R/A,Set meal,Chicken,
Super Charger box,4.3,459,KFC,Bashundhara R/A,Set meal,Chicken,
Smoky Red Rice Bowl,4.3,249,KFC,Bashundhara R/A,Set meal,Chicken & Rice,
Hot & Crispy Rice Bowl,4.3,249,KFC,Bashundhara R/A,Set meal,Chicken& Rice,
Hot wings Rice Bowl,4.3,249,KFC,Bashundhara R/A,Set meal,Chicken & Rice,
Popcorn Rice bowl,4.3,249,KFC,Bashundhara R/A,Set meal,Chicken & Rice,
Chicken & Rice Meal,4.3,329,KFC,Bashundhara R/A,Set meal,Chicken & Rice,
Rice box,4.3,299,KFC,Bashundhara R/A,Set meal,Chicken & Rice,
2 Pcs Chicken & Rice Meal,4.3,469,KFC,Bashundhara R/A,Set meal,Chicken & Rice,
Strips & Rice Combo,4.3,519,KFC,Bashundhara R/A,Set meal,Chicken & Rice,
Gravy,4.5,39,KFC,Bashundhara R/A,Curry,Curry,
2 pcs Smoky Red Chicken,4.3,299,KFC,Bashundhara R/A,Snacks,Chicken,
1 pc Hot & Crispy,4.3,159,KFC,Bashundhara R/A,Snacks,Chicken,
Rizo Rice,4.3,109,KFC,Bashundhara R/A,Snacks,Rice,
Fries Medium,4.3,159,KFC,Bashundhara R/A,Snacks,Potato,
Fries Large,4.3,189,KFC,Bashundhara R/A,Snacks,Potato,
Tangy-Fries Medium,4.3,179,KFC,Bashundhara R/A,Snacks,Potato,
Tangy-Fries Large,4.3,199,KFC,Bashundhara R/A,Snacks,Potato,
Potato Wedges,3.9,169,KFC,Bashundhara R/A,Snacks,Potato,
Beef Sheek Kabab,4.4,175,Kabab Pora Restaurant,Bashundhara R/A,Kabab,Beef,
Tandoori Chicken Kabab,4.4,285,Kabab Pora Restaurant,Bashundhara R/A,Kabab,Chicken,
Chicken Achari Kabab,4.4,150,Kabab Pora Restaurant,Bashundhara R/A,Kabab,Chicken,
Chicken Hariyali Kabab,4.4,150,Kabab Pora Restaurant,Bashundhara R/A,Kabab,Chicken,
Mutton Boti Kabab,4.4,210,Kabab Pora Restaurant,Bashundhara R/A,Kabab,Mutton,
BBQ Chicken,4.4,140,Kabab Pora Restaurant,Bashundhara R/A,Kabab,Chicken,
Alu Paratha,4.4,66,Kabab Pora Restaurant,Bashundhara R/A,Paratha,Flour,
Butter Paratha,4.4,55,Kabab Pora Restaurant,Bashundhara R/A,Paratha,Flour,
Kashmiri Paratha,4.4,165,Kabab Pora Restaurant,Bashundhara R/A,Paratha,Flour,
Shahi Paratha,4.4,44,Kabab Pora Restaurant,Bashundhara R/A,Paratha,Flour,
Kabab pora special Paratha,4.4,300,Kabab Pora Restaurant,Bashundhara R/A,Paratha,Flour,
Plain Nan,4.4,44,Kabab Pora Restaurant,Bashundhara R/A,Nan,Flour,
Butter Nan,4.4,55,Kabab Pora Restaurant,Bashundhara R/A,Nan,Flour,
Garlic Nan,4.4,66,Kabab Pora Restaurant,Bashundhara R/A,Nan,Flour,
Garlic Cheese Nan,4.4,66,Kabab Pora Restaurant,Bashundhara R/A,Nan,Flour,
Garlic extra Cheese Nan,4.4,200,Kabab Pora Restaurant,Bashundhara R/A,Nan,Flour,
Arabian Nan,4.4,175,Kabab Pora Restaurant,Bashundhara R/A,Nan,Flour,
Garlic Chili Nan,4.4,175,Kabab Pora Restaurant,Bashundhara R/A,Nan,Flour,
Special kabab pora Nan,4.4,340,Kabab Pora Restaurant,Bashundhara R/A,Nan,Flour,
Special Nan,4.4,165,Kabab Pora Restaurant,Bashundhara R/A,Nan,Flour,
Chicken roast,4.2,165,Kabab Pora Restaurant,Bashundhara R/A,Curry,Chicken,
Rui fish curry,4.2,220,Kabab Pora Restaurant,Bashundhara R/A,Curry,Fish,
Cheesy Chicken Pizza,4.3,650,American blend pizzas,Bashundhara R/A,Pizza,Chicken,
Grilled chicken with mushroom pizza,4.3,650,American blend pizzas,Bashundhara R/A,Pizza,chicken,
bbq chicken pizza,4.3,650,American blend pizzas,Bashundhara R/A,Pizza,chicken,
Alfredo with chicken pizza,4.3,650,American blend pizzas,Bashundhara R/A,Pizza,chicken,
pepperoni pizza,4.3,650,American blend pizzas,Bashundhara R/A,Pizza,chicken,
roasted beef picture,4.3,650,American blend pizzas,Bashundhara R/A,Pizza,Beef,
chicken sausage pizza,4.3,650,American blend pizzas,Bashundhara R/A,Pizza,chicken,
seafood pizza,4.3,650,American blend pizzas,Bashundhara R/A,Pizza,Sea fish,
mexicano chicken pizza,4.3,650,American blend pizzas,Bashundhara R/A,Pizza,chicken,
mexicano beef pizza,4.3,650,American blend pizzas,Bashundhara R/A,Pizza,Beef,
chicken pineapple pizza,4.3,650,American blend pizzas,Bashundhara R/A,Pizza,chicken,
Bolognese pizza,4.3,650,American blend pizzas,Bashundhara R/A,Pizza,chicken,
Philly stake pizza chicken,4.3,650,American blend pizzas,Bashundhara R/A,Pizza,chicken,
Philly stake Pizza beef,4.3,650,American blend pizzas,Bashundhara R/A,Pizza,Beef,
Meatball pizza,4.3,650,American blend pizzas,Bashundhara R/A,Pizza,chicken,
blend special pizza,4.3,650,American blend pizzas,Bashundhara R/A,Pizza,chicken,
fried_chicken,4.2,99,Food Chemistry Rooftop Cafe,Mirpur,fast_food,chicken,
crispy_chicken,4.2,130,Food Chemistry Rooftop Cafe,Mirpur,fast_food,chicken,
wonton,4.2,199,Food Chemistry Rooftop Cafe,Mirpur,fast_food,chicken,
french_fries,4.2,120,Food Chemistry Rooftop Cafe,Mirpur,fast_food,potato,
wedges,4.2,120,Food Chemistry Rooftop Cafe,Mirpur,fast_food,potato,
chicken_burger,4.2,220,Food Chemistry Rooftop Cafe,Mirpur,burger,chicken,
cheese_delight_burger,4.2,299,Food Chemistry Rooftop Cafe,Mirpur,burger,chicken,
special_burger,4.2,370,Food Chemistry Rooftop Cafe,Mirpur,burger,chicken,
cheese_blast_burger,4.2,400,Food Chemistry Rooftop Cafe,Mirpur,burger,chicken,
six_patty_burger,4.2,600,Food Chemistry Rooftop Cafe,Mirpur,burger,chicken,
wings,4.2,250,Food Chemistry Rooftop Cafe,Mirpur,fast_food,chicken,
naga_wings,4.2,200,Food Chemistry Rooftop Cafe,Mirpur,fast_food,chicken,
chicken_nachos,4.2,270,Food Chemistry Rooftop Cafe,Mirpur,fast_food,chicken,
chicken_sausage_pasta,4.2,250,Food Chemistry Rooftop Cafe,Mirpur,pasta,chicken,
pasta_basta,4.2,260,Food Chemistry Rooftop Cafe,Mirpur,pasta,chicken,
bbq_chicken_pasta,4.2,270,Food Chemistry Rooftop Cafe,Mirpur,pasta,chicken,
maxican_oven_pasta,4.2,280,Food Chemistry Rooftop Cafe,Mirpur,pasta,chicken,
special_pasta,4.2,299,Food Chemistry Rooftop Cafe,Mirpur,pasta,chicken,
meat_lovers_pizza,4.2,330,Food Chemistry Rooftop Cafe,Mirpur,pizza,beef,
mashroom_pizza,4.2,340,Food Chemistry Rooftop Cafe,Mirpur,pizza,chicken,
supreme_pizza,4.2,370,Food Chemistry Rooftop Cafe,Mirpur,pizza,chicken,
festival_pizza,4.2,390,Food Chemistry Rooftop Cafe,Mirpur,pizza,chicken,
cheddar_pizza,4.2,400,Food Chemistry Rooftop Cafe,Mirpur,pizza,chiciken,
crispy_chicken_wings,4.5,510,Barcode Cafe,Banani,fast_food,chicken,
bbq_chicken_wings,4.5,435,Barcode Cafe,Banani,fast_food,chciken,
buffalo_wings,4.5,440,Barcode Cafe,Banani,fast_food,chicken,
seafood_clear_soup,4.5,310,Barcode Cafe,Banani,soup,chicken,
chicken_clear_soup,4.5,250,Barcode Cafe,Banani,soup,chciken,
vagetable_clear_soup,4.5,250,Barcode Cafe,Banani,soup,chicken,
thai_clear_soup,4.5,230,Barcode Cafe,Banani,soup,chicken,
thai_soup,4.5,230,Barcode Cafe,Banani,soup,chicken,
chittagfong_pizza,4.5,970,Barcode Cafe,Banani,pizza,chicken,
special_pizza,4.5,1340,Barcode Cafe,Banani,pizza,chicken,
pizza_volcano,4.5,785,Barcode Cafe,Banani,pizza,chicken,
neples_unique,4.5,850,Barcode Cafe,Banani,pizza,chicken,
premium_pizza,4.5,1095,Barcode Cafe,Banani,pizza,chicken,
pizza_de_fungi,4.5,825,Barcode Cafe,Banani,pizza,chicken,
sicilian_delight,4.5,835,Barcode Cafe,Banani,pizza,chicken,
beef_sausage,4.5,785,Barcode Cafe,Banani,pizza,chicken,
milan_supreme_pizza,4.5,815,Barcode Cafe,Banani,pizza,chicken,
romanian_delight,4.5,800,Barcode Cafe,Banani,pizza,chicken,
